insert into users (username,password,status) values ('admin','$2a$07$Ck0uz/mrZEWm8tjRd7cUiOQ0QCOHpXYmeyTCwehijKXmdJg7ix92C',1);
insert into users (username,password,status) values ('test','$2a$07$uzjc9FnjSIwB.NlN31NrueUpiEsR/IN13V9QhSD2OeGXgYfGuJYwG',1);
insert into ships (name) values ('KM Jawa');
insert into user_ship (ship_id,user_id) values (1,1);
insert into sensors (ship_id,key,name) values (1,1000010101,'Flow Sens (In) (Main)');
insert into sensors (ship_id,key,name) values (1,1000010201,'Flow Sens (Out) (Main)');
insert into sensors (ship_id,key,name) values (1,1000010301,'Sonic Sens (Main)');
insert into sensor_factor (sens_id,factor,zero_value) values (1000010101,1.68,0);
insert into sensor_factor (sens_id,factor,zero_value) values (1000010201,1.68,0);
insert into sensor_factor (sens_id,factor,zero_value) values (1000010301,20,3000);
insert into ship_log (ship_id,message,global) values (null,'server restarted',true);
insert into flow_sens (sens_id,data) values (1000010101,20.4);
insert into flow_sens (sens_id,data) values (1000010201,10.4);
insert into flow_sens (sens_id,data) values (1000010101,21.4);
insert into flow_sens (sens_id,data) values (1000010201,11.4);
insert into flow_sens (sens_id,data) values (1000010101,22.4);
insert into flow_sens (sens_id,data) values (1000010201,13.4);
insert into flow_sens (sens_id,data) values (1000010101,27.4);
insert into flow_sens (sens_id,data) values (1000010201,12.4);
insert into flow_sens (sens_id,data) values (1000010101,26.4);
insert into flow_sens (sens_id,data) values (1000010201,12.4);
insert into flow_sens (sens_id,data) values (1000010101,23.4);
insert into flow_sens (sens_id,data) values (1000010201,18.6);
insert into flow_sens (sens_id,data) values (1000010101,22.4);
insert into flow_sens (sens_id,data) values (1000010201,15.4);
insert into flow_sens (sens_id,data) values (1000010101,24.4);
insert into flow_sens (sens_id,data) values (1000010201,12.4);
insert into flow_sens (sens_id,data) values (1000010101,21.4);
insert into flow_sens (sens_id,data) values (1000010201,18.4);
insert into flow_sens (sens_id,data) values (1000010101,20.4);
insert into flow_sens (sens_id,data) values (1000010201,19.4);
insert into sonic_sens (sens_id,data) values (1000010301,3000);
insert into sonic_sens (sens_id,data) values (1000010301,2990);
insert into sonic_sens (sens_id,data) values (1000010301,2980);
insert into sonic_sens (sens_id,data) values (1000010301,2970);
insert into sonic_sens (sens_id,data) values (1000010301,2960);
insert into sonic_sens (sens_id,data) values (1000010301,2950);
insert into sonic_sens (sens_id,data) values (1000010301,2940);
insert into sonic_sens (sens_id,data) values (1000010301,2930);
insert into sonic_sens (sens_id,data) values (1000010301,2920);
insert into sonic_sens (sens_id,data) values (1000010301,2910);
